n,rid,pmid,doi,verificada
1,R485,,10.1002/cne.23276,True
2,R492,24399938,10.3389/fnana.2013.00048,True
3,R110,5969766,10.1002/jmor.1051200204,True
4,R246,3760554,,True
5,R455,,10.1111/j.1463-6395.2008.00388.x,True
6,R320,8114107,10.1002/jmor.1052190103,True
7,R410,15633271,10.1111/j.1442-9071.2004.00912.x,True
8,R111,5915034,10.1002/aja.1001180114,True
9,R281,2348463,10.1002/jmor.1052040208,True
10,R233,6230154,10.1007/bf00213716,True
11,R226,6600683,10.1016/0014-4886(83)90040-7,True
12,R237,3873185,10.1002/ar.1092110312,True
13,R245,3527813,10.1016/0303-7207(86)90016-x,True
14,R517,26236556,10.4103/2152-7806.161416,True
15,R065,28907815,,True
16,R280,2390758,,True
17,R560,31045394,10.1037/bne0000318,True
18,R467,21079998,10.1007/s00441-010-1079-0,True
19,R217,7119164,10.1002/cne.902080405,True
20,M1,,,sí
21,M2,,,sí
22,M3,,,sí
23,M4,,,sí
24,R005,,,False
25,R087,,,False
26,R016,,,False
27,R132,,,False
28,R099,,,False
29,R103,14281602,,True
30,R497,23784810,10.1002/cne.23385,True
31,R524,27910135,10.1002/ca.22809,True
32,R644,,10.1007/bf00225570,False
33,R447,,10.1002/cne.21933,True
34,R599,35738026,10.1016/j.acthis.2022.151915,True
35,R629,,10.31857/s0475145025010045,False
36,R655,,,False
37,R370,11003281,,True
38,R528,,,False
39,R079,13456992,,True
40,R160,991212,10.1007/bf00226028,True
41,R663,,10.1002/cne.910060204,False
42,R183,731704,10.1002/jmor.1051580204,True
43,R501,,10.1002/ar.22662,True
44,R224,7148386,,True
45,R021,,,False
46,R604,37636536,10.1016/j.radcr.2023.07.064,True
47,R619,40608101,10.1007/978-3-031-90762-3_4,True
48,R047,21016699,,True
49,R049,18868351,,True
50,R051,18114372,10.3171/jns.1949.6.2.0153,True
51,R059,14868155,,True
52,R061,13107993,,True
53,R062,13096084,,True
54,R075,13359714,10.1148/67.3.351,True
55,R078,13292639,10.1016/0002-9610(56)90187-8,True
56,R086,14400452,,True
57,R089,13827253,10.1097/00005072-196001000-00015,True
58,R090,13716754,,True
59,R091,14455134,,True
60,R098,14178304,,True
61,R127,5474275,,True
62,R143,4374767,,True
63,R647,,10.1007/978-1-4615-7281-7_12,False
64,R654,,,False
65,R658,,,False
66,R004,,,False
67,R007,,,False
68,R009,,,False
69,R011,,,False
70,R012,,,False
71,R013,,,False
72,R014,,10.1002/aja.1000020103,False
73,R018,,,False
74,R023,,,False
75,R025,,,False
76,R027,,,False
77,R050,18225014,10.1007/bf02174433,True
78,R053,18147572,,True
79,R054,,10.1002/cne.900920106,False
80,R064,13104016,,True
81,R070,14381543,10.1002/cne.901020205,True
82,R074,13441789,,True
83,R076,13387865,,True
84,R080,13523926,,True
85,R081,13434643,,True
86,R097,14338282,10.1007/bf00323310,True
87,R107,5886456,,True
88,R113,5982641,,True
89,R116,6053712,,True
90,R120,5726727,,True
91,R648,,10.1007/bf00572193,False
92,R039,,,False
93,R185,386891,,True
94,R043,,,False
95,R659,,10.1002/jmor.1050590102,False
96,R017,,10.1002/aja.1000050102,False
97,R545,,10.1002/jmor.20824,True
98,R534,,10.1111/joa.12613,True
99,R170,356730,,True
100,R411,,,False
101,R656,,10.1113/expphysiol.1927.sp000404,False
102,R031,,10.1002/cne.900280103,False
103,R285,2285038,10.1002/aja.1001890402,True
104,R650,,,False
105,R511,25147506,10.3389/fnana.2014.00075,True
106,R026,,,False
107,R052,,,False
108,R361,,,False
109,R471,20423684,10.5414/npp29121,True
110,R242,3826651,10.1007/bf00389597,True
111,R261,3377191,10.1007/bf00305137,True
112,R273,2802187,10.1007/bf00311167,True
113,R391,12354394,10.1016/s0896-6273(02)00900-5,True
114,R426,16855091,10.1523/jneurosci.0714-06.2006,True
115,R415,15975937,10.1242/dev.01915,True
116,R416,15895369,10.1002/dvdy.20417,True
117,R499,24250183,10.4103/0976-3147.118803,True
118,R149,1079860,10.3171/jns.1975.43.1.0069,True
119,R270,2472473,10.3171/jns.1989.71.1.0091,True
120,R313,8416224,10.3171/jns.1993.78.1.0101,True
121,R405,15628985,10.17305/bjbms.2004.3467,True
122,R332,8609602,10.1111/j.1600-079x.1995.tb00176.x,True
123,R588,,10.1002/ar.25028,True
124,R298,1636378,10.1007/bf00299409,True
125,R138,4537846,,True
126,R152,1080800,10.1007/bf01253129,True
127,R301,1585497,10.3109/01913129209061362,True
128,R628,41453452,10.1016/j.humpath.2025.106028,True
129,R243,3557091,10.1016/0016-6480(86)90009-2,True
130,R251,3666419,10.1016/0016-6480(87)90067-0,True
131,R262,3410296,10.1016/0016-6480(88)90309-7,True
132,R274,2714626,10.1016/0016-6480(89)90215-3,True
133,R294,1722440,10.1111/j.1440-1681.1991.tb01386.x,True
134,R302,1430421,10.1007/bf00264812,True
135,R164,175685,10.2214/ajr.126.1.56,True
136,R151,1238944,,True
137,R168,899738,10.1007/bf00703315,True
138,R253,2449231,,True
139,R293,1895117,10.1136/jnnp.54.7.572,True
140,R309,7508303,,True
141,R234,6516801,10.1007/bf00689826,True
142,R300,1634200,10.1111/j.1365-2559.1992.tb00340.x,True
143,R304,1612580,10.1016/0046-8177(92)90352-4,True
144,R153,1168873,10.1212/wnl.25.6.547,True
145,R310,8308268,,True
146,R327,7512867,,True
147,R139,,10.11477/mf.1406203377,False
148,R623,,10.1055/b-0045-212350,False
149,R106,14322940,,True
